{"cameraMode":{"drawMode":0,"name":"Shaded","section":"Shading Mode"},"sceneLighting":false,"audioPlay":false,"sceneViewState":{"m_AlwaysRefresh":false,"showFog":true,"showSkybox":false,"showFlares":true,"showImageEffects":true,"showParticleSystems":true,"showVisualEffectGraphs":true,"m_FxEnabled":true},"in2DMode":false,"pivot":{"x":-0.03080272302031517,"y":-0.3217921257019043,"z":0.07383202016353607},"rotation":{"x":-0.3345230519771576,"y":0.2150951474905014,"z":-0.07871375232934952,"w":-0.914131760597229},"size":0.5497904419898987,"orthographic":false}