{"cameraMode":{"drawMode":0,"name":"Shaded","section":"Shading Mode"},"sceneLighting":true,"audioPlay":false,"sceneViewState":{"m_AlwaysRefresh":false,"showFog":true,"showSkybox":false,"showFlares":true,"showImageEffects":true,"showParticleSystems":true,"showVisualEffectGraphs":true,"m_FxEnabled":true},"in2DMode":false,"pivot":{"x":0.26036718487739565,"y":1.8730140924453736,"z":1.742409110069275},"rotation":{"x":-0.07788734883069992,"y":0.7575394511222839,"z":-0.09196557849645615,"w":-0.6415696740150452},"size":0.5201165676116943,"orthographic":false}