{"cameraMode":{"drawMode":0,"name":"Shaded","section":"Shading Mode"},"sceneLighting":true,"audioPlay":false,"sceneViewState":{"m_AlwaysRefresh":false,"showFog":true,"showSkybox":false,"showFlares":true,"showImageEffects":true,"showParticleSystems":true,"showVisualEffectGraphs":true,"m_FxEnabled":true},"in2DMode":false,"pivot":{"x":0.4421560764312744,"y":1.4056377410888672,"z":0.9983001351356506},"rotation":{"x":-0.2651750445365906,"y":0.3911273777484894,"z":-0.11876897513866425,"w":-0.8732678890228272},"size":0.7424378991127014,"orthographic":false}