{"cameraMode":{"drawMode":0,"name":"Shaded","section":"Shading Mode"},"sceneLighting":true,"audioPlay":false,"sceneViewState":{"m_AlwaysRefresh":false,"showFog":true,"showSkybox":false,"showFlares":true,"showImageEffects":true,"showParticleSystems":true,"showVisualEffectGraphs":true,"m_FxEnabled":true},"in2DMode":false,"pivot":{"x":-1.2789546251296998,"y":1.6771947145462037,"z":-1.3843259811401368},"rotation":{"x":-0.07788734883069992,"y":0.7575394511222839,"z":-0.09196557849645615,"w":-0.6415696740150452},"size":2.7372405529022219,"orthographic":false}