{"cameraMode":{"drawMode":0,"name":"Shaded","section":"Shading Mode"},"sceneLighting":false,"audioPlay":false,"sceneViewState":{"m_AlwaysRefresh":false,"showFog":true,"showSkybox":false,"showFlares":true,"showImageEffects":true,"showParticleSystems":true,"showVisualEffectGraphs":true,"m_FxEnabled":true},"in2DMode":false,"pivot":{"x":0.25996842980384829,"y":-0.2055564671754837,"z":1.4595510959625245},"rotation":{"x":-0.2563779652118683,"y":0.3495302200317383,"z":-0.10005857795476914,"w":-0.8955929279327393},"size":0.5428317189216614,"orthographic":false}