{"cameraMode":{"drawMode":0,"name":"Shaded","section":"Shading Mode"},"sceneLighting":false,"audioPlay":false,"sceneViewState":{"m_AlwaysRefresh":false,"showFog":true,"showSkybox":false,"showFlares":true,"showImageEffects":true,"showParticleSystems":true,"showVisualEffectGraphs":true,"m_FxEnabled":true},"in2DMode":false,"pivot":{"x":0.315553218126297,"y":0.22672787308692933,"z":-0.13403277099132539},"rotation":{"x":-0.28555190563201907,"y":0.25484418869018557,"z":-0.07905854284763336,"w":-0.9204710125923157},"size":0.49419209361076357,"orthographic":false}