{"cameraMode":{"drawMode":0,"name":"Shaded","section":"Shading Mode"},"sceneLighting":false,"audioPlay":false,"sceneViewState":{"m_AlwaysRefresh":false,"showFog":true,"showSkybox":false,"showFlares":true,"showImageEffects":true,"showParticleSystems":true,"showVisualEffectGraphs":true,"m_FxEnabled":true},"in2DMode":false,"pivot":{"x":0.1500048190355301,"y":0.17024114727973939,"z":-0.29044780135154726},"rotation":{"x":-0.2089342176914215,"y":0.24921086430549622,"z":-0.05515522509813309,"w":-0.9440338611602783},"size":0.00533348647877574,"orthographic":false}